Date,Open,High,Low,Close,Adj Close,Volume,Stock Name,rsi,adx,atr,sma_3,sma_7,sma_14,sentiment_score,tweet_count
2021-09-30,0.6742689739456951,0.6873104391785574,0.6835621520274886,133.2655029296875,133.2655029296875,0.2953963201614781,GOOG,0.8676032780681093,0.30519709666275885,0.24905959264020716,0.699124990714844,0.7463136742905188,0.7814850823775883,0.2,1.0
2021-10-01,0.6599591207779094,0.7153597331561621,0.6906357912132766,136.46249389648438,136.46249389648438,0.2060399037341821,GOOG,0.8676032780681093,0.30519709666275885,0.24905959264020716,0.699124990714844,0.7463136742905188,0.7814850823775883,0.0,2.0
2021-10-04,0.6997965957597547,0.689393783951165,0.6492061098058111,133.76499938964844,133.76499938964844,0.24669409724917837,GOOG,0.8676032780681093,0.30519709666275885,0.24905959264020716,0.699124990714844,0.7463136742905188,0.7814850823775883,0.16510416666666666,4.0
2021-10-05,0.6682330186507024,0.7208711034097901,0.7023001478916684,136.177001953125,136.177001953125,0.15089408172243354,GOOG,0.8676032780681093,0.30519709666275885,0.24905959264020716,0.7180734621695921,0.7463136742905188,0.7814850823775883,0.175,2.0
2021-10-06,0.6798500859030445,0.7301515099408984,0.7114161073969423,137.35400390625,137.35400390625,0.09445436430918921,GOOG,0.8676032780681093,0.30519709666275885,0.24905959264020716,0.7238755427595842,0.7463136742905188,0.7814850823775883,-0.035416666666666666,2.0
2021-10-07,0.7585504525407816,0.7737584100342716,0.7878016893531581,139.1855010986328,139.1855010986328,0.07486478793054369,GOOG,0.8676032780681093,0.30519709666275885,0.24905959264020716,0.759152979254081,0.7463136742905188,0.7814850823775883,0.10363636363636361,2.0
2021-10-08,0.7779213942861192,0.7768370439450212,0.8040353195896777,140.05599975585938,140.05599975585938,0.08358564293662499,GOOG,0.8676032780681093,0.30519709666275885,0.24905959264020716,0.7843980775853747,0.7463136742905188,0.7814850823775883,0.0,0.0
2021-10-11,0.7759526736215661,0.7852964236348228,0.7923643867713799,138.84750366210938,138.84750366210938,0.05330849054162459,GOOG,0.8676032780681093,0.30519709666275885,0.24905959264020716,0.7941179975522938,0.7622881944980437,0.7814850823775883,-0.09166666666666667,1.0
2021-10-12,0.7729345542783259,0.7650568548805439,0.744460638586073,136.71299743652344,136.71299743652344,0.13032114483865123,GOOG,0.6965133112542541,0.30519709666275885,0.261612933436261,0.7780265736204643,0.76300508330803,0.7814850823775883,0.0,0.0
2021-10-13,0.7378793106502062,0.7433711691555158,0.7580738200296357,137.89999389648438,137.89999389648438,0.05066894392257329,GOOG,0.7537862068236518,0.30519709666275885,0.20701522546174655,0.763994964764074,0.7748385739279415,0.7814850823775883,0.35833333333333334,2.0
2021-10-14,0.7787755362298305,0.8021117238066864,0.8023423924425859,141.41200256347656,141.41200256347656,0.11595890588204846,GOOG,0.8898656970687107,0.30519709666275885,0.2380328233171667,0.7806851074833789,0.7898200522625349,0.7814850823775883,0.0,1.0
2021-10-15,0.8205261871446534,0.8124998374418875,0.8346746990879894,141.6750030517578,141.6750030517578,0.113681649975416,GOOG,0.8986949780220812,0.30519709666275885,0.15829071583972998,0.8129785827693718,0.8021858493083305,0.7814850823775883,0.0,0.0
2021-10-18,0.8022046440780033,0.827627712155677,0.8374666993567534,142.9604949951172,142.9604949951172,0.05304971146132545,GOOG,0.9428015832515215,0.30519709666275885,0.11634961276755651,0.8459130814047022,0.8129890933732065,0.7814850823775883,0.08666666666666667,3.0
2021-10-19,0.8407980304291611,0.8486172156699665,0.8727408278931263,143.82200622558594,143.82200622558594,0.03690189685065859,GOOG,0.9712999444891779,0.30519709666275885,0.054437983900685105,0.8615977459811661,0.8237666172998672,0.7814850823775883,0.25,3.0
2021-10-20,0.8580888786553074,0.8512831687185598,0.8505552192034722,142.4149932861328,142.4149932861328,0.07085371218590689,GOOG,0.8198198545698256,0.30435137086470176,0.049708491825743994,0.8664137131925489,0.8339760274774917,0.7955642643897947,0.0,1.0
2021-10-21,0.8203776900051365,0.8248010794436673,0.8454020987893469,142.78050231933594,142.78050231933594,0.030872344279688407,GOOG,0.8382089694067096,0.28851391532122606,0.0,0.865242293916207,0.8513399591582544,0.8052863786360072,0.0012195767195767315,4.0
2021-10-22,0.7861859402398201,0.8003503163453123,0.7617089958019925,138.625,138.625,0.22925238723701571,GOOG,0.4886455155529913,0.292283563558417,0.13613008759266976,0.8314193994817789,0.853414775197586,0.8127649190253496,0.03469413880872214,12.0
2021-10-25,0.7575753024318532,0.755791475943856,0.7538016164437811,138.7729949951172,138.7729949951172,0.1115079057009031,GOOG,0.49982072382058174,0.30559969084985605,0.12467017272052239,0.8077167294482257,0.845862486735188,0.8167596178683167,0.10238095238095239,3.0
2021-10-26,0.7909219787810622,0.7867327148707586,0.7960930580980516,139.6719970703125,139.6719970703125,0.20435783971223762,GOOG,0.5711314072943897,0.2478367401198902,0.09896349544349581,0.7874861119883183,0.8401303019756012,0.8203265321322242,-0.006666666666666667,9.0
2021-10-27,0.7778562142439645,0.94352254327008,0.8129010998593995,146.42750549316406,146.42750549316406,0.5096136428331134,GOOG,0.894392638685283,0.3105289821682037,0.37687125807620947,0.8382659856625276,0.8500521618813273,0.8314704859516824,0.10078048340548343,10.0
2021-10-28,0.9152265537823909,0.9114487439098509,0.9039866418584173,146.12899780273438,146.12899780273438,0.2581838884144605,GOOG,0.8699531274566652,0.36426518963818655,0.33929939182728297,0.8861399530240612,0.8566542899236427,0.8408155796706449,0.3120833333333333,4.0
2021-10-29,0.8821865070227954,0.9339583463981891,0.9115380519043286,148.27049255371094,148.27049255371094,0.21336335170664802,GOOG,0.9390698553747627,0.4260660788989542,0.33902211215159206,0.9421002487031565,0.8734115058143122,0.855315619622095,0.00023148148148148065,6.0
2021-11-01,0.9313101542712412,0.9299147675303392,0.881800747249637,143.7740020751953,143.7740020751953,0.25629480112827674,GOOG,0.6195923468402564,0.42119995325734194,0.39461095409141866,0.9248308512670913,0.8762546946075287,0.866181052080512,0.1619047619047619,3.0
2021-11-02,0.8689889654439507,0.9019033315309855,0.9016912831121155,145.86300659179688,145.86300659179688,0.11238775457392022,GOOG,0.7099724360234235,0.41702898842167413,0.3742383081560048,0.9230997406511887,0.8969683577017089,0.8784344892376801,0.04973958333333334,3.0
2021-11-03,0.8962084344391503,0.9017140416397302,0.9094205348546138,146.7899932861328,146.7899932861328,0.07015500866909918,GOOG,0.7481366678860991,0.4134538757053875,0.3043643406224815,0.9134644298079933,0.9199113323343822,0.8867101097689267,0.20416666666666666,4.0
2021-11-04,0.9133879098106592,0.9592801319885178,0.939054622704695,148.68299865722656,148.68299865722656,0.1583210413270191,GOOG,0.82224131837349,0.4697105481427012,0.30373291546912906,0.9454129143711973,0.9456989367866906,0.8974939722384496,0.095,2.0
2021-11-05,0.9533835172426006,0.9710369126847638,0.9768491283398038,149.24099731445312,149.24099731445312,0.10278705069482183,GOOG,0.8434545676540406,0.5276607979772224,0.24644108853233027,0.9673973836316703,0.9537505627371923,0.9071583723129009,0.18682539682539684,5.0
2021-11-08,0.9653905311819198,0.9798199636390017,0.9856185538639468,149.35150146484375,149.35150146484375,0.0766503635846078,GOOG,0.8480995103393787,0.5849086793655436,0.19716077303566237,0.98406806228026,0.9629726951475641,0.9156671271042862,0.2537878787878788,3.0
2021-11-09,0.9606731964788608,0.967395610959856,0.9553943289370888,149.24850463867188,149.24850463867188,0.05708666511399216,GOOG,0.8367849834860086,0.5501139590217432,0.19381746577456982,0.9877484598557513,0.965771561461513,0.9261824942304022,-0.125,1.0
2021-11-10,0.9284269292761118,0.9356058909326099,0.9145078938696796,146.62600708007812,146.62600708007812,0.13254664492922388,GOOG,0.5836184967696249,0.4331879054656683,0.2337113306613532,0.9707297119833929,0.9739334040993755,0.9320999343659779,0.0,0.0
2021-11-11,0.9116606386935653,0.9318605520155618,0.9401697072974424,146.7480010986328,146.7480010986328,0.0,GOOG,0.5929969804341583,0.33296557384617553,0.1846940952115076,0.953785741892917,0.9764660735329143,0.9445995607383306,0.0,0.0
2021-11-12,0.9251163499176391,0.9575661192480076,0.9356630500279843,149.64549255371094,149.64549255371094,0.05931216520456484,GOOG,0.7824149350814986,0.2946197709873688,0.20483681423220168,0.956369398667466,0.9846379160207794,0.961330096111471,0.22062590187590186,4.0
2021-11-15,0.9653905311819198,0.9692613446055705,0.976858563670973,149.38800048828125,149.38800048828125,0.048961001992598896,GOOG,0.755840060082655,0.2816095396429066,0.1578420381998087,0.974344865199394,0.9866554840105346,0.9762810250947931,0.3200297619047619,4.0
2021-11-16,0.9499848031314759,0.9570548920455189,0.9711905029102996,149.0760040283203,149.0760040283203,0.06197758973164608,GOOG,0.7205820290636534,0.25437351897950555,0.10365968177071438,0.9894958567349066,0.9861833076870661,0.9803565190821995,0.24632900432900434,5.0
2021-11-17,0.9510713260950425,0.9531439605976477,0.9751816479949564,149.06199645996094,149.06199645996094,0.03656548404626969,GOOG,0.7188050616043453,0.2310283584108762,0.040167176279531036,0.9856983768156702,0.9853548048307661,0.9848698001861642,-0.07916666666666666,2.0
2021-11-18,0.9495296764023451,0.9907195934688919,0.9833420657799841,150.70899963378906,150.70899963378906,0.18365551328830573,GOOG,0.841513317842778,0.2813736689144224,0.04868397056352003,0.9942956369895202,0.9895344364594361,0.9886221605560825,0.0,0.0
2021-11-19,0.9839628757151206,0.9952651517888185,1.0,149.95249938964844,149.95249938964844,0.09448024221721915,GOOG,0.7359962812804695,0.33155258420236056,0.029605815088311727,0.9999999999999998,0.999054162659176,0.9981295959282437,0.11504329004329006,3.0
2021-11-22,0.9680232381019855,0.9743276668705991,0.9459970250114904,147.07850646972656,147.07850646972656,0.15713065755764302,GOOG,0.44319749056845326,0.2579707365044279,0.08545967219576411,0.9870911502431616,1.0,1.0,0.07142857142857142,2.0
2021-11-23,0.9117722949396907,0.91655292415313,0.9063474760846524,146.7570037841797,146.7570037841797,0.07326035763268895,GOOG,0.4176596864709752,0.26284744607572863,0.0953509954707692,0.9613709696960309,0.9917337484479223,0.9999492359481899,0.11805555555555557,2.0
2021-11-24,0.8976015869923308,0.903408980895015,0.9121470596434449,146.71749877929688,146.71749877929688,0.05175581605982971,GOOG,0.41415811533676694,0.2670274828511294,0.06304132544427565,0.9403171014900347,0.984091330333102,0.9969247362822768,0.0,0.0
2021-11-26,0.8728167342673443,0.8711551393939432,0.8613014895671687,142.80599975585938,142.80599975585938,0.058587583779727226,GOOG,0.16746376364213272,0.3368349069097819,0.1341560407343202,0.912510988262371,0.9661478876943481,0.9870225998412314,0.5,1.0
2021-11-29,0.8595001682636958,0.9007953354346923,0.8952732564830375,146.11399841308594,146.11399841308594,0.17871283285459202,GOOG,0.4849278588099286,0.3211393808734755,0.18795814629487473,0.908326213058485,0.9577113330199611,0.9820407491637604,0.0,1.0
2021-11-30,0.880891124532847,0.8963728877921315,0.8534407150265513,142.45199584960938,142.45199584960938,0.37685997463965015,GOOG,0.298610649285874,0.3589637816727993,0.25466109193880637,0.8805656815066303,0.9340815127947755,0.9715823213649526,-0.14583333333333334,1.0
2021-12-01,0.8579029738394233,0.89392310090943,0.842835116873017,141.6179962158203,141.6179962158203,0.20717853168749836,GOOG,0.2645045926496889,0.40268083351821915,0.32958263368787566,0.8728339766407316,0.9102299055033827,0.963876023666379,-0.06837121212121215,2.0
2021-12-02,0.8135431374980076,0.8593749503294659,0.8331287343718392,143.77650451660156,143.77650451660156,0.113681649975416,GOOG,0.43782356673173206,0.45084622062674684,0.34071276234690506,0.8576212164726418,0.9007802655885926,0.9593035021818794,-0.14416666666666664,3.0
2021-12-03,0.8631590357604633,0.8695642373307988,0.8362767039529038,142.52049255371094,142.52049255371094,0.18404368190875445,GOOG,0.37129856201088995,0.4607868274302769,0.3652914357399941,0.8580670032759221,0.8886562553090092,0.9483395940373884,0.09999999999999999,1.0
2021-12-06,0.8460447404311091,0.8532480266890079,0.82685166587205,143.79649353027344,143.79649353027344,0.12594777838159563,GOOG,0.47199904625794253,0.48300661794071753,0.37178731611942295,0.8722449898886138,0.8802969483842027,0.9397354159774758,0.2,2.0
2021-12-07,0.8901724791441576,0.9280302493915993,0.921581533055468,148.0364990234375,148.0364990234375,0.13966306963745048,GOOG,0.7188822481245317,0.41000084516286983,0.4098312659999659,0.8999696718000172,0.8952655448159543,0.9381358317824895,-0.0251543209876543,3.0
2021-12-08,0.93440252218424,0.9442516705916624,0.9496416361150168,148.7205047607422,148.7205047607422,0.08410320109722327,GOOG,0.7500554976450485,0.3722290439136289,0.33891628170346366,0.9403202792974981,0.9027248215730914,0.9376103463618102,0.3,3.0
2021-12-09,0.9315144795338208,0.9527460183377114,0.9558066243172787,148.1060028076172,148.1060028076172,0.07913464275547963,GOOG,0.6996070051053073,0.3529665742328659,0.28298878063643174,0.9683672107470269,0.9189054085586092,0.9336048701368909,0.0,0.0
2021-12-10,0.9486755344586337,0.9488634081254783,0.9525928933371555,148.6750030517578,148.6750030517578,0.11865020831715964,GOOG,0.7323224046947223,0.32751735934235904,0.23368958778703186,0.9725226905383566,0.9391010881561668,0.9316390662767424,0.6,1.0
2021-12-13,0.9364919676225225,0.9330017822149002,0.9339017882096963,146.70449829101562,146.70449829101562,0.15060942473410446,GOOG,0.5637076246645017,0.2541892217897408,0.2025092543355963,0.9594022186657261,0.9474803947809778,0.931063544688437,0.12380952380952381,3.0
2021-12-14,0.8682572486228943,0.8739014322742447,0.85674794156099,144.9705047607422,144.9705047607422,0.1593302797401858,GOOG,0.442990414131873,0.28666435466012463,0.2630488456855101,0.9389959280369611,0.954491817993909,0.9283144904858842,0.26,3.0
2021-12-15,0.8607538922049629,0.9132052385038183,0.8654238715308185,147.36849975585938,147.36849975585938,0.19170354268560927,GOOG,0.6162820711808511,0.23358241028552718,0.32915486404527905,0.9304930090221923,0.9647141537418427,0.9293162469643415,0.625,2.0
2021-12-16,0.9296758355620891,0.932793418838419,0.8914133482773732,144.8385009765625,144.8385009765625,0.19325621716740418,GOOG,0.451478726736842,0.15714873484157815,0.3714800464143375,0.9183488191863305,0.9555621512838877,0.9324438479029169,0.0,1.0
2021-12-17,0.830081581324501,0.8553047841791799,0.8482315544636623,142.80299377441406,142.80299377441406,0.40033123722278285,GOOG,0.34647512781328593,0.15348696608442092,0.35051014972190153,0.9042423332415745,0.9386274708062787,0.9273488934152847,0.30846410533910534,4.0
2021-12-20,0.7922887759258932,0.8202745946089662,0.8194126220427922,142.40150451660156,142.40150451660156,0.10092384131666796,GOOG,0.3267748888854771,0.18552034656778277,0.3123143940643225,0.8719163847355607,0.9223023881716013,0.9272711976486616,0.16402777777777777,4.0
2021-12-21,0.8381698577728971,0.859697754617301,0.8472385573378642,144.2205047607422,144.2205047607422,0.0916595502419584,GOOG,0.47967050176599924,0.13853890552812537,0.2959980201641863,0.8678943728577113,0.909554544454759,0.9312759225092617,0.015761784511784515,3.0
2021-12-22,0.8558138117926284,0.9091474990181492,0.8889867526520789,146.94900512695312,146.94900512695312,0.07729731128535566,GOOG,0.6577844117252877,0.12070586805515693,0.2975776681075073,0.8948772353392849,0.9102542719501128,0.9361577478117509,0.0,1.0
2021-12-23,0.9113355886572558,0.9331930950515577,0.9449731486200474,147.1425018310547,147.1425018310547,0.017519343736252357,GOOG,0.6691850440563251,0.13419120039369054,0.22916805050694133,0.925732355521977,0.9164700739095903,0.9432700685359303,0.1451388888888889,3.0
2021-12-27,0.9182817974105102,0.9304259947328284,0.9505785930920512,148.06399536132812,148.06399536132812,0.010247651579846279,GOOG,0.7259739704132022,0.14575005668386226,0.15672810688793848,0.9507463676667627,0.9184604370672433,0.9498368752843005,0.125,2.0
2021-12-28,0.9352011193963763,0.929441109313901,0.9259475181147638,146.447998046875,146.447998046875,0.07970395673213776,GOOG,0.5815250187059524,0.10460752435107873,0.1415820003293674,0.9474857385959414,0.9230664815136946,0.9473924993131471,0.031128968253968246,7.0
2021-12-29,0.8990780566428735,0.9068890249721051,0.9178714464720081,146.50450134277344,146.50450134277344,0.05897575240017594,GOOG,0.5860594493588582,0.05311441060406341,0.09771934053397913,0.9433335359185595,0.9336594230562523,0.9439825262713946,0.382037037037037,3.0
2021-12-30,0.8994586514107581,0.9045926929478101,0.9226308562491559,146.00250244140625,146.00250244140625,0.006650622363688102,GOOG,0.5374121994929134,0.008977455963764591,0.044870863740639755,0.9299170314193799,0.9439647269919771,0.9407456722647924,0.25339506172839504,12.0
2021-12-31,0.8826322818328343,0.8913825704758056,0.9023752016623341,144.67950439453125,144.67950439453125,0.06254690370830421,GOOG,0.4187424153568001,0.0,0.015159607763627458,0.9184074100114443,0.9452782880745874,0.9345974224024389,0.07015542328042328,6.0
2022-01-03,0.8627875095201827,0.8759469190686013,0.8803579993380972,145.07449340820312,145.07449340820312,0.16497166369070723,GOOG,0.46500528288515064,0.03470527903814713,0.00432515029581626,0.909100704321302,0.9399138270567864,0.9320891804641613,0.09377777777777777,5.0
2022-01-04,0.8827530066065641,0.8960226292452595,0.8862350669801295,144.41650390625,144.41650390625,0.1353932148125145,GOOG,0.4023330656615369,0.010065957798346181,0.025374221294670707,0.8987787884529601,0.9321125903635461,0.931236687203723,0.0825,3.0
2022-01-05,0.8573180538089586,0.8522348200344425,0.7683234488708699,137.65350341796875,137.65350341796875,0.48104443236808736,GOOG,0.07566288485358857,0.1327393818960026,0.21002753553461306,0.8530525224045358,0.9023199368166681,0.9162873079093088,-0.018333333333333337,3.0
2022-01-06,0.7331897483129348,0.7648863494823142,0.7540826749449785,137.55099487304688,137.55099487304688,0.21460549129208392,GOOG,0.07292578245516379,0.2476817735533099,0.2069194415362008,0.8040884677764362,0.8768585720122495,0.9050733363273635,0.7,1.0
2022-01-07,0.7407580013815334,0.7377791700779788,0.735822449940922,137.00450134277344,137.00450134277344,0.0898480966798644,GOOG,0.056965026871247326,0.3587249427166397,0.1856903515528987,0.7558500456213986,0.8496715562367001,0.8961506502365513,0.0,1.0
2022-01-10,0.688644007155635,0.7450756451534131,0.686194895342878,138.57400512695312,138.57400512695312,0.27989545325155907,GOOG,0.24941328267701773,0.48230173930303943,0.2908017715502923,0.7618408085295527,0.828412748481262,0.8902609166602424,0.37,5.0
2022-01-11,0.7458746346906604,0.7770737285571403,0.7550196319220128,140.0175018310547,140.0175018310547,0.14282017441710013,GOOG,0.3997313922294081,0.5129927848789649,0.30027710541222485,0.7778932050134684,0.8150710708771687,0.8837933604424015,-0.15449074074074073,3.0
2022-01-12,0.8085378770435183,0.8241335074607672,0.8355647653283031,141.6479949951172,141.6479949951172,0.14463162797919413,GOOG,0.5432863494614866,0.4495027705783716,0.279165163315913,0.8081137567682333,0.8052651480970145,0.8756361971920898,0.2537878787878788,7.0
2022-01-13,0.8138494836961334,0.831164687696244,0.7943786870164842,139.13099670410156,139.13099670410156,0.18246512951892965,GOOG,0.37461949862192934,0.4394295529555058,0.3210107374608979,0.811738741326075,0.7901391304457941,0.8633081401659801,0.75,1.0
2022-01-14,0.733236224516906,0.7935699813397739,0.7678831334162979,139.7864990234375,139.7864990234375,0.1470123955179463,GOOG,0.4336335024917636,0.4554977104330543,0.3336699399824804,0.8102353404762501,0.7962433183589583,0.8505707774270337,-0.0949074074074074,6.0
2022-01-18,0.7165212277936199,0.7214297253331432,0.7325995695487553,136.29049682617188,136.29049682617188,0.19302331599513492,GOOG,0.24930211646136813,0.4984030216433646,0.3635830932766919,0.7753679404510658,0.7926360362236489,0.8349404742184241,0.27242424242424246,1.0
2022-01-19,0.7228079845551638,0.7405208390830744,0.7304071416879379,135.65199279785156,135.65199279785156,0.10780736485262529,GOOG,0.22263278942176945,0.495313777134222,0.3376038525184958,0.7527260622715206,0.7887654392607688,0.8182406978220973,0.007936507936507936,2.0
2022-01-20,0.7149240333693474,0.73128782727283,0.6862698061539803,133.50650024414062,133.50650024414062,0.12248013870558702,GOOG,0.1418366009526617,0.531649895536251,0.391261201374111,0.7118548901888773,0.774263298714275,0.7990119230481776,-0.010416666666666668,2.0
2022-01-21,0.6498834198267771,0.671600245180983,0.6273670350972878,130.0919952392578,130.0919952392578,0.38112982946458607,GOOG,0.04988268894458897,0.6010993682556569,0.43692761068540675,0.6715141140332375,0.7458585719467483,0.776564749653744,0.1262083333333333,5.0
2022-01-24,0.5201649338457994,0.5961836845985367,0.5269490928143523,130.3719940185547,130.3719940185547,0.552286313174443,GOOG,0.07965788483883435,0.7014561548723833,0.5320412636245351,0.6371510916364473,0.7135890123220201,0.7539406299621594,-0.05149900793650794,4.0
2022-01-25,0.5648872278998918,0.5689109126633782,0.559479112535624,126.7354965209961,126.7354965209961,0.3046347333281577,GOOG,0.0,0.7874762576867201,0.5264824481480919,0.5930843858827493,0.6781156797931875,0.7267331996640554,0.1275,4.0
2022-01-26,0.6049477319825007,0.6346115554687295,0.5740105232534454,129.24000549316406,129.24000549316406,0.3514996247703336,GOOG,0.22943427619171058,0.7427928315786699,0.6061788048885983,0.5875395090843585,0.6479338181106322,0.7137865584821013,0.17375000000000002,4.0
2022-01-27,0.6192204608654068,0.6308702624424873,0.6075797160394196,129.12100219726562,129.12100219726562,0.2301063582020029,GOOG,0.22509962263063388,0.7044927520574841,0.5766546505302323,0.5793978670556303,0.6274162219444439,0.7008145352742416,0.12206349206349205,3.0
2022-01-28,0.5939436405178979,0.645274500686501,0.6028857817422053,133.2895050048828,133.2895050048828,0.23359987578604144,GOOG,0.5319452640066237,0.6455525981900643,0.5924425574810785,0.6220523353111214,0.6206552753237089,0.6950979207330832,0.26084595959595963,4.0
2022-01-31,0.6719103065941658,0.6921117555958285,0.6699584059150951,135.69850158691406,135.69850158691406,0.2793778950909608,GOOG,0.6569878020748063,0.5191835057712038,0.5610013851724516,0.6640851946347486,0.6269283253327615,0.6906731127776946,0.21036332714904143,7.0
2022-02-01,0.7394580846277827,0.7367422660629817,0.7129480620759017,137.8784942626953,137.8784942626953,0.5012550785394508,GOOG,0.7519933367173095,0.44632669271501113,0.5365815968880232,0.7210802638692428,0.6492116592050245,0.6873816204970118,0.05401974824341652,59.0
2022-02-02,0.9999999999999998,1.0000000000000002,0.9188644435978062,148.0364990234375,148.0364990234375,0.9999999999999999,GOOG,1.0,0.533202099655276,0.9460746414917756,0.8170559083583886,0.6997637830192374,0.6972122129667966,0.12629953071619737,45.0
2022-02-03,0.87800761614623,0.9435170524182726,0.8560454382675591,142.65049743652344,142.65049743652344,0.5753435292290972,GOOG,0.7386372006856476,0.5392868809542765,1.0,0.8623005379630813,0.7453091915411663,0.7026280000186902,0.07464796777296777,18.0
2022-02-04,0.8356998175667296,0.8567280707660985,0.8113085303256549,143.01600646972656,143.01600646972656,0.4756359495898351,GOOG,0.7482525661976634,0.5000622998131912,0.9570068618385243,0.895736236419342,0.784733229001565,0.7075975471054359,0.1194189342403628,7.0
2022-02-07,0.8485519049221557,0.843683540824917,0.7903500865262756,138.93800354003906,138.93800354003906,0.4159356157648215,GOOG,0.5753061324658477,0.4456743013425962,0.9376228593637781,0.8365218658973197,0.8128274364094148,0.7116715148840687,0.043333333333333335,3.0
2022-02-08,0.7609323579942966,0.7677479502505709,0.7561344305956341,139.21299743652344,139.21299743652344,0.2819656858939523,GOOG,0.5855437338732268,0.3648669079767555,0.8322632362208722,0.8141501013521968,0.8297792345341892,0.7171511679030873,0.04570105820105819,6.0
2022-02-09,0.7954488744044352,0.8120360049602622,0.8217923269313658,141.4530029296875,141.4530029296875,0.20914525269777187,GOOG,0.670363197244829,0.33017300322583565,0.7418904872120464,0.8039778403541031,0.8462474154590738,0.7293791995542152,0.06909722222222223,4.0
2022-02-10,0.7703809135833082,0.7979354975188577,0.7781890883254219,138.6024932861328,138.6024932861328,0.265947260823435,GOOG,0.5390292045786946,0.2543159152064086,0.6823320091756409,0.8017942894005425,0.8483193494455663,0.7424751039541881,0.11284371492704826,3.0
2022-02-11,0.7564516551834075,0.7572584003530329,0.6889680249493031,134.1300048828125,134.1300048828125,0.3408638045700385,GOOG,0.3773970422516929,0.23223682896168985,0.7366243901175802,0.7687134130089113,0.8085218678051707,0.7482579089958334,0.04038265306122449,4.0
2022-02-14,0.6564487504206593,0.6982291424936735,0.6892210633761189,135.3000030517578,135.3000030517578,0.18538933312631004,GOOG,0.43446668414192846,0.2133118978947881,0.6559308011228213,0.728668768786304,0.7874862881423592,0.7614369213335408,-0.090625,3.0
2022-02-15,0.7327068492180164,0.7310603904111235,0.7311473863060467,136.42550659179688,136.42550659179688,0.18262039696710916,GOOG,0.4907855311238609,0.1591974878313585,0.5760137339318412,0.7145006135154535,0.7686256540213035,0.7724939282131968,0.17916666666666667,4.0
2022-02-16,0.7133730317575584,0.7319317018952975,0.7177337764126728,137.4875030517578,137.4875030517578,0.17009548948063039,GOOG,0.545016160257519,0.12656622684011737,0.528744631596866,0.7363517141689295,0.7644746245836882,0.7853682505794364,0.3,1.0
2022-02-17,0.7081634460404895,0.7109751434918523,0.6686091535578704,132.30850219726562,132.30850219726562,0.23942240509277227,GOOG,0.33597611540278893,0.14552133554446645,0.5761506393878124,0.716882578822535,0.7447154013213821,0.7838586892219341,0.09999999999999999,3.0
2022-02-18,0.6503572503940911,0.6538636378742775,0.6331017150143996,130.46749877929688,130.46749877929688,0.2509380741660844,GOOG,0.2792545056268161,0.19087425630746646,0.5449009217521785,0.6781069721492978,0.713277182938326,0.775809252830876,0.08333333333333333,3.0
2022-02-22,0.5936650666855592,0.6174384829527837,0.5850189814560003,129.40249633789062,129.40249633789062,0.34213182206350434,GOOG,0.24705494563104102,0.26368169073504666,0.5442425341309776,0.6254885382443172,0.6869487132365504,0.7627664370160758,0.26761904761904765,5.0
2022-02-23,0.613974034254946,0.6145641665277097,0.5805687932139958,127.58499908447266,127.58499908447266,0.18073130968092535,GOOG,0.19383388985701971,0.32911178641118477,0.5471627848129526,0.5947472729446635,0.6682182736691265,0.7312957890514618,0.3236111111111111,4.0
2022-02-24,0.5010819178518926,0.6389582871547883,0.5292454522775962,132.67349243164062,132.67349243164062,0.397251766167223,GOOG,0.4967003710141017,0.4177300732744539,0.7133448136739509,0.60910420984016,0.660701748862413,0.715943232359439,0.12232142857142858,8.0
2022-02-25,0.6594203935599283,0.6835038339150266,0.6604207156984612,134.51950073242188,134.51950073242188,0.17819527469399374,GOOG,0.5807259304223709,0.4145205521072991,0.6668472380327117,0.6424064403829417,0.6552471581921906,0.7028688592432357,0.27591341991341994,5.0
2022-02-28,0.6549445084043286,0.6882670033618463,0.6802878061925797,134.89100646972656,134.89100646972656,0.22270527650544727,GOOG,0.5980171780660813,0.4036079474129187,0.594119814209936,0.689955030052128,0.6478165272935756,0.6966413639253504,-0.12916666666666665,1.0
2022-03-01,0.6771476646770223,0.6971777888686563,0.6906543759564889,134.16799926757812,134.16799926757812,0.15754470408612167,GOOG,0.5564120788414828,0.37748870319810157,0.5284186881583293,0.6996815042469413,0.6531380195235936,0.6888781503796042,-0.08472222222222221,2.0
2022-03-02,0.6795295701305373,0.6877933451454081,0.6916662437446259,134.75149536132812,134.75149536132812,0.14882384908004034,GOOG,0.5910151028152133,0.3551007795854012,0.449768863895911,0.701191360018177,0.6653979229612865,0.6785659099011334,0.25,2.0
2022-03-03,0.7049784091110365,0.708594714737244,0.6916382236702439,134.30799865722656,134.30799865722656,0.09466138757342854,GOOG,0.5594165885550396,0.2905959529138258,0.4270567460343131,0.6973970579064048,0.679436446007895,0.6719575667939983,0.06818181818181818,2.0
2022-03-04,0.6567647319293648,0.6609659101910499,0.6350025053663448,132.1219940185547,132.1219940185547,0.15503454700721994,GOOG,0.4166070756709186,0.31317494573092874,0.43265514215674705,0.6840813494877176,0.6924203778864717,0.6688676514720524,0.03125,3.0
2022-03-07,0.6293055137356312,0.6175000382914668,0.5600788279031335,126.4645004272461,126.4645004272461,0.3456512175555728,GOOG,0.18923612456618355,0.3948773990775015,0.5111227562844907,0.6301483460107986,0.6746515396155521,0.6552716319372376,0.0,2.0
2022-03-08,0.5243067004374857,0.6050473643766832,0.5497868830312003,127.27850341796876,127.27850341796876,0.29482700618481994,GOOG,0.25266930615297784,0.4716660855642437,0.5651208762389364,0.5843993387777118,0.6539293176977892,0.6411962771870319,0.060714285714285714,7.0
2022-03-09,0.6199448095077844,0.6609563734484374,0.6289970600365833,133.86599731445312,133.86599731445312,0.25611365577206735,GOOG,0.6218208924030011,0.4278834317751615,0.6737646558954731,0.5957495732800415,0.6509959555846834,0.6356235254328482,0.1358333333333333,5.0
2022-03-10,0.6211055810411092,0.6484563048127898,0.653600114939489,132.6820068359375,132.6820068359375,0.1527055352845276,GOOG,0.5644899726197834,0.3903554428130911,0.5858130027262132,0.6362140356605612,0.6467433556182245,0.6361982721766997,0.32748763141620285,4.0
2022-03-11,0.6682236667316104,0.6609846946840754,0.6329038589789686,130.47549438476562,130.47549438476562,0.18290505395543824,GOOG,0.46322093887171667,0.38366984338510635,0.5688944255046644,0.6570205314167976,0.6345063339333756,0.636210575767425,0.02172619047619048,7.0
2022-03-14,0.6045855576613117,0.6008711380888545,0.5601350110114605,126.74099731445312,126.74099731445312,0.23018399192609265,GOOG,0.3242152792997538,0.4445633460208859,0.5832304482453796,0.6106499649050885,0.6128511565776296,0.6321150767050217,0.25,4.0
2022-03-15,0.551998016259587,0.5912355601434676,0.5630393774968785,129.66050720214844,129.66050720214844,0.23067567217866106,GOOG,0.4788786653355096,0.4967577768515541,0.5685398511316986,0.5909855930126369,0.6058068954293194,0.6353088564040172,0.11666666666666665,1.0
2022-03-16,0.6125159850510988,0.6528596789701246,0.6123765812221187,133.6905059814453,133.6905059814453,0.2535258649690759,GOOG,0.6469686320387283,0.4209581142752642,0.5811784990576403,0.6119093697255844,0.6264862140605008,0.6368738308800546,0.46875,2.0
2022-03-17,0.6556223808427355,0.6712025919132472,0.6782966653967093,134.60049438476562,134.60049438476562,0.14918613979245918,GOOG,0.6805909403538715,0.32707727266284736,0.4883870695677659,0.6630601531147085,0.6474402228944731,0.6369984634364871,-0.04,1.0
2022-03-18,0.6660786765617528,0.7123767556637415,0.6822880964004927,136.80149841308594,136.80149841308594,0.43262686644411663,GOOG,0.7595262769419381,0.28194805926991284,0.4885563151990755,0.709534792820856,0.6558410139131756,0.6399383172158246,0.13948412698412696,6.0
2022-03-21,0.7211178377229495,0.7250473296976192,0.713758356879965,136.47850036621094,136.47850036621094,0.18331910048391684,GOOG,0.739077031928233,0.259384299718747,0.4476300052398192,0.7276794776002313,0.6667057854394196,0.6434937027334606,0.1409126984126984,7.0
2022-03-22,0.7146638799837051,0.7992423202490191,0.7491451375521176,140.27749633789062,140.27749633789062,0.223999171906943,GOOG,0.867361808306212,0.3141601495208107,0.49589314956589226,0.7646262560780535,0.6947570677269534,0.6519970805739375,0.2388888888888889,1.0
2022-03-23,0.7636670858499086,0.7713066002061673,0.78037208085507,138.5034942626953,138.5034942626953,0.1661102916440235,GOOG,0.7496292394130436,0.36111087792257957,0.41896311606352055,0.7757030998320131,0.728418877210292,0.6584530845653727,0.255,5.0
2022-03-24,0.7661558298942597,0.7972820861537768,0.7779903745326116,141.31199645996094,141.31199645996094,0.10454674844085601,GOOG,0.8438944684985148,0.4235800982577721,0.4036715637864279,0.8071602159161284,0.7617630058693226,0.6725946063359309,0.33326704545454544,8.0
2022-03-25,0.8122429373527693,0.8079450313715484,0.8090972318024985,141.52149963378906,141.52149963378906,0.08806252102580026,GOOG,0.8506374078453594,0.48598817894365476,0.34597289701577083,0.8152563755755307,0.7841736740761118,0.695764228263259,-0.041666666666666664,3.0
2022-03-28,0.7923797445934218,0.8082669686827824,0.8115081018758441,141.9499969482422,141.9499969482422,0.14633956990916855,GOOG,0.8659761296408581,0.5397755321573605,0.29197828735604603,0.8376867309457674,0.8052064153535516,0.7183406363205798,0.0,0.0
2022-03-29,0.8383651145078728,0.8496685692949837,0.8612731835736605,143.25,143.25,0.20979220039851978,GOOG,0.9130051145032572,0.6202011371295009,0.24830512630054935,0.8502995480760565,0.8236606800242972,0.7327806845271754,0.14166666666666666,2.0
2022-03-30,0.8329696239749198,0.8367517739063743,0.8553520843861713,142.64450073242188,142.64450073242188,0.11104210335636464,GOOG,0.8520353328997128,0.6701688286219833,0.17428984472986986,0.8576082073233364,0.8413064852062155,0.7481109116108393,0.26666666666666666,3.0
2022-03-31,0.8251415009121661,0.8209184692314342,0.8075890084110262,139.64950561523438,139.64950561523438,0.22063504386305408,GOOG,0.5977694898322478,0.5846000727439346,0.18047347219164378,0.8426362653771122,0.839509306923715,0.7622278261999469,0.17061237373737376,4.0
2022-04-01,0.7798527072743051,0.7888255963859792,0.7921862591556668,140.6999969482422,140.6999969482422,0.14253551742877105,GOOG,0.661188166605569,0.4783489727835315,0.1503107979220757,0.8260404638168886,0.8457952388356094,0.7837078528348727,0.04062500000000001,4.0
2022-04-04,0.7949798614924102,0.8474193429993522,0.830177477149701,143.6425018310547,143.6425018310547,0.08555236394689852,GOOG,0.8078805895643992,0.4704041474802483,0.17285547491408915,0.8325356043534373,0.8524646584449709,0.8052232640332018,0.675,2.0
2022-04-05,0.8428038753785934,0.8388255819363695,0.8324073604160698,141.06300354003906,141.06300354003906,0.08788137566959084,GOOG,0.6157932803646691,0.463594297220291,0.16597363396994513,0.84173486042871,0.8511525383887797,0.816568019966943,0.11666666666666665,2.0
2022-04-06,0.7640941568217643,0.7679638274242617,0.7476106096010215,137.17599487304688,137.17599487304688,0.143751779106177,GOOG,0.40875413737365573,0.39917192695617043,0.23916629387933075,0.8188001274300796,0.8374903415750072,0.8205311849886421,0.1869047619047619,4.0
2022-04-07,0.7168553463575338,0.7273011798684565,0.7183633703288859,136.46499633789062,136.46499633789062,0.09036565484046269,GOOG,0.37713215762711216,0.37845000327145095,0.2287151443483264,0.7720878473095294,0.8180730782488048,0.8200133775720988,-0.12,2.0
2022-04-08,0.7100207938504048,0.699810507814205,0.6976625396623439,134.010498046875,134.010498046875,0.05136764743938099,GOOG,0.2764212073884533,0.383278321832783,0.2144016057331376,0.7261890858997104,0.7933643659100573,0.8162156301012793,0.05462962962962961,3.0
2022-04-11,0.6478033263075862,0.6371058471502915,0.6201807437757196,129.79649353027344,129.79649353027344,0.1516962968713609,GOOG,0.1507148906898076,0.4508825928893222,0.27043775400971626,0.6781621865539817,0.7651671032794773,0.8000875245511221,-0.028333333333333332,3.0
2022-04-12,0.638953576931933,0.6273387777537274,0.5819271949832632,128.37449645996094,128.37449645996094,0.13637657531765132,GOOG,0.1170011291924829,0.531061589706081,0.33694164824470885,0.6255080023150328,0.7298940952566935,0.7845010822346405,0.3842013888888889,3.0
2022-04-13,0.5684344391505338,0.5938587423464032,0.5980906320742649,130.28599548339844,130.28599548339844,0.09158191651786865,GOOG,0.26547144825908936,0.5997864441204456,0.2896391422828234,0.601268382126581,0.6916705638061722,0.7675343367036795,0.14583333333333331,4.0
2022-04-14,0.6060064825802793,0.5948910224861945,0.5732235308581792,127.25299835205078,127.25299835205078,0.14258727324483086,GOOG,0.17430366740209818,0.6736524244661669,0.3026442103426634,0.5847149347814604,0.6521492133949871,0.7455780507510439,0.03489583333333335,4.0
2022-04-18,0.5458413361908641,0.5570454708997861,0.5632352320984251,127.96099853515624,127.96099853515624,0.03175219315270553,GOOG,0.2294942495940837,0.7428762830850534,0.25423813102344917,0.5820238283920414,0.6257778185728959,0.7240518621707626,0.03666666666666667,3.0
2022-04-19,0.5582289448980677,0.5985557325793336,0.5795943808314101,130.531005859375,130.531005859375,0.1327019123774034,GOOG,0.4141575889663741,0.6990291675887715,0.26634596461222826,0.5836183925934841,0.6087959772306473,0.7044799487043578,0.11907516725698543,11.0
2022-04-20,0.6177904674188348,0.6178690813313643,0.5878868932528087,128.24549865722656,128.24549865722656,0.13127862743575805,GOOG,0.3186049916349428,0.6205786661287991,0.3001843405698118,0.5900777331428235,0.5922977530882889,0.6823228488973716,0.2,5.0
2022-04-21,0.5818717299279121,0.5872630733569133,0.5270999151534994,124.9375,124.9375,0.22894185234065675,GOOG,0.20911958500459504,0.6201787386086103,0.3953613174712183,0.570400352101067,0.5783923284818853,0.6596841010816994,0.18743220899470897,8.0
2022-04-22,0.5010819178518926,0.49530300976706987,0.4238629532443601,119.61399841308594,119.61399841308594,0.43922573299174494,GOOG,0.09015406104104284,0.6843652763254348,0.5035238934174653,0.4993508335190364,0.553321612839563,0.6272370904046003,0.10413371813371813,15.0
2022-04-25,0.3976246125507006,0.4541287015204747,0.4169063979408105,123.25,123.25,0.28540744766193094,GOOG,0.31055695029142993,0.7426392359107049,0.5229613702969029,0.4668393805023239,0.533186063344421,0.5958572283818575,0.12315130471380471,12.0
2022-04-26,0.45929414265219015,0.444128704410397,0.42426295410211745,119.50599670410156,119.50599670410156,0.4778355717723779,GOOG,0.2157131978174528,0.7925883441266507,0.5225266147091665,0.43149034403340836,0.5110157627111578,0.562685432898435,0.08082792207792207,33.0
2022-04-27,0.30371363290175135,0.34469689197558284,0.31113047418972295,115.02050018310548,115.02050018310548,0.6440234971404911,GOOG,0.12835695832923377,0.8799089419894947,0.6153778014960056,0.4015951699709903,0.47398275925424427,0.5285926878210625,0.10230140456856143,17.0
2022-04-28,0.3546389415327933,0.40035028744609247,0.3489745867932528,119.4114990234375,119.4114990234375,0.3147529953678544,GOOG,0.3482743060334108,0.8570101822048332,0.6557928221122382,0.3766136310462256,0.44216105317372234,0.502350866333626,0.17489866780045352,8.0
2022-04-29,0.36323803113763975,0.37234838818935123,0.3405444043125181,114.96649932861328,114.96649932861328,0.2746939937375462,GOOG,0.24569642387979307,0.8425962332109954,0.6619622147654021,0.3470699026280071,0.40415933062314124,0.4730460729791237,0.10741666666666667,10.0
2022-05-02,0.2950496466462387,0.3416571275157858,0.31628802635030695,117.15699768066406,117.15699768066406,0.23052040473048155,GOOG,0.34581952079850986,0.8456755091483344,0.6356486924953852,0.3609745481455706,0.38189315806551116,0.4535964910159249,0.24979166666666666,4.0
2022-05-03,0.34813864928532223,0.3787878568945302,0.37676492515709503,118.12950134277344,118.12950134277344,0.1132417255389074,GOOG,0.3906608577163285,0.7803209209985235,0.5615967172206671,0.35263111534289115,0.37764483751084343,0.4378315527133845,0.357939453125,4.0
2022-05-04,0.3711405444658957,0.45157184302752884,0.3601162833086846,122.5749969482422,122.5749969482422,0.26871619698263594,GOOG,0.5736853200040726,0.62533493196384,0.6904364776934571,0.4021483567358992,0.37571311976171895,0.4259659134654181,0.20714285714285716,3.0
2022-05-05,0.4123153438778584,0.4154024462033796,0.34969796218290705,116.74649810791016,116.74649810791016,0.3962684056620863,GOOG,0.38860711516523516,0.5023675131059363,0.8003827723065127,0.39947676407043775,0.3678160111441122,0.40979857260972263,0.14959415584415584,4.0
2022-05-06,0.3249974671885789,0.3446684262438444,0.3302197217006184,115.66000366210938,115.66000366210938,0.2956033434257175,GOOG,0.35918408009475566,0.42138118013543835,0.7305375769102891,0.3834049035158069,0.3696461365306596,0.39086987396074857,0.0703030303030303,5.0
2022-05-09,0.28385044014240424,0.30800933213613546,0.30039821386321774,113.08399963378906,113.08399963378906,0.28538156975390105,GOOG,0.2907979449559497,0.3872133462305125,0.6606311202029256,0.3216360723253089,0.3515381548752754,0.36402252327251183,0.16944444444444443,3.0
2022-05-10,0.33468293806124794,0.32937495899923186,0.3159845231976912,114.58450317382812,114.58450317382812,0.24188080635561418,GOOG,0.3665654950356886,0.3216322777085092,0.6209728614370233,0.30756548567424535,0.35044496166618666,0.34300106367359406,0.1826388888888889,6.0
2022-05-11,0.2914094829876548,0.32899609022452103,0.32098196064752127,113.96099853515624,113.96099853515624,0.31102657661154665,GOOG,0.3461655062270854,0.2654199332610775,0.5631616709347513,0.29650810599100086,0.3412986796464428,0.326110487700483,0.014444444444444449,2.0
2022-05-12,0.2584900193060451,0.2946305827152036,0.25471505657267324,113.16100311279295,113.16100311279295,0.37522966643376554,GOOG,0.31813417387790566,0.2985489419118731,0.5836004361812084,0.2970092561586901,0.3270798754612567,0.31618065644023785,0.17422222222222222,5.0
2022-05-13,0.3124889920119023,0.35577641945021576,0.32754023060807125,116.5155029296875,116.5155029296875,0.22350749165437464,GOOG,0.5118489957174732,0.2255516898283455,0.6084761674802723,0.30957649161317025,0.30973886920080496,0.30581765190995736,0.006349206349206345,3.0
2022-05-16,0.32249030269753276,0.32779344918260045,0.33381744206742425,114.7925033569336,114.7925033569336,0.13997360453380944,GOOG,0.435258185939566,0.16298261661389318,0.5220273323127693,0.3149880494578061,0.30414694434605316,0.2985645560365513,0.4285714285714286,2.0
2022-05-17,0.35672838697107623,0.3395359247649268,0.35260232866832464,116.70149993896484,116.70149993896484,0.11789974898429209,GOOG,0.5398423754909699,0.09947505874804824,0.45453313022436226,0.33803013276482363,0.30712748915753174,0.30115126858590635,0.07407407407407407,3.0
2022-05-18,0.3197694610248141,0.3105235642795241,0.29272500226948317,112.4010009765625,112.4010009765625,0.20078668840410938,GOOG,0.3583647366637819,0.11921916903753182,0.4830320663836507,0.31125233817114784,0.30517288965556366,0.2903635553742472,0.1581926406926407,7.0
2022-05-19,0.25668849961919293,0.27059654636981034,0.2613576726754956,110.74549865722656,110.74549865722656,0.21644282276220786,GOOG,0.3022247680728509,0.16902525511412253,0.4489303924702437,0.28491382580610014,0.2941864605655371,0.28386830433720567,0.09117063492063492,8.0
2022-05-20,0.2612294231212029,0.25094695519262644,0.18462555673814873,109.31300354003906,109.31300354003906,0.3250524027637606,GOOG,0.25556062556066733,0.2703234300010704,0.5439735074149943,0.23682838528849914,0.2808848696963868,0.2717980122328214,0.2079706790123457,9.0
2022-05-23,0.22442820453780654,0.24063441301782773,0.23674060773539862,111.66649627685548,111.66649627685548,0.24705638796159715,GOOG,0.4098208710692782,0.357150437047026,0.4902628310570445,0.2320481187578427,0.2766079032831974,0.2618527780040347,0.06007729410507187,9.0
2022-05-24,0.15521847712499293,0.13437487085661082,0.10658178680869268,105.9260025024414,105.9260025024414,0.62006055430479,GOOG,0.2244558921582196,0.491067351261938,0.7127786308319952,0.20068211637210376,0.24630296484417347,0.23623340315464558,0.16055555555555556,9.0
2022-05-25,0.13227226837173878,0.13721017333463226,0.14411867931096367,105.8395004272461,105.8395004272461,0.3291152343244572,GOOG,0.22216242444948903,0.60047628620389,0.6139068249992077,0.17807603817976747,0.22068134043491527,0.2194497791963328,0.11152777777777778,5.0
2022-05-26,0.14914525584937732,0.18286458316776533,0.16804239036967217,108.2959976196289,108.2959976196289,0.23062391636260124,GOOG,0.380862136357237,0.6096925067992855,0.5752433814059725,0.15614032840256775,0.1966265484183678,0.2081180899577033,0.4125,1.0
2022-05-27,0.21856866044386147,0.2569695526487441,0.2441562061962963,112.79900360107422,112.79900360107422,0.22591413710115674,GOOG,0.6023793488459458,0.5128730744842148,0.5870059381977757,0.2008708483435082,0.1977655488006107,0.207679539736759,0.5,1.0
2022-05-31,0.2796810428806744,0.3244980711215588,0.3007917815406329,114.03900146484376,114.03900146484376,0.5025230960329167,GOOG,0.6528646169623508,0.42894763739450337,0.5681893798632551,0.25423442844550803,0.20719086593613767,0.2068401249115004,0.25892857142857145,2.0
2022-06-01,0.31408632813191883,0.3427840526012049,0.31911748202462187,114.13700103759766,114.13700103759766,0.2091711306058018,GOOG,0.6571626469895296,0.37366268044907625,0.5515529590609232,0.2922485530052328,0.22099613920638328,0.207110956528338,0.0,1.0
2022-06-02,0.30027779450574754,0.3522348200344425,0.31457351230917574,117.74600219726562,117.74600219726562,0.19418782185648112,GOOG,0.8007090991534589,0.3354173563284081,0.5674316956398289,0.32444436036495516,0.23839441535014538,0.21416632618514253,0.11750000000000001,5.0
2022-06-03,0.33379153013691343,0.32319124839139746,0.3213192022570457,114.56400299072266,114.56400299072266,0.1628755531402841,GOOG,0.6133571688988284,0.30263564993926406,0.5602316047065525,0.32786114888067686,0.26311456856531423,0.2111633695430668,0.05714285714285714,2.0
2022-06-06,0.3477207885368141,0.38065330154804466,0.37491545728832865,117.010498046875,117.010498046875,0.146494837357348,GOOG,0.7125030561027457,0.33171865391250066,0.5848079686468026,0.3465622975389071,0.29508363051410136,0.21457640674243317,0.2833333333333333,2.0
2022-06-07,0.32739340052073174,0.34940616437702965,0.34862991128644305,117.22949981689452,117.22949981689452,0.18049840850865614,GOOG,0.7212691872956097,0.3104079433094238,0.5159924566860392,0.3432008227343524,0.3206494479002031,0.21538888985287885,-0.0625,2.0
2022-06-08,0.35020953258116516,0.3664015066897359,0.37807186148362026,117.23799896240234,117.23799896240234,0.13042465647077087,GOOG,0.7216600748567946,0.3104453229158258,0.42961730401548026,0.36060358877741394,0.33335292547031026,0.2228320339387504,0.09875,4.0
2022-06-09,0.3402732602419454,0.3607953469943801,0.34378601240746054,114.91799926757812,114.91799926757812,0.13816215097171544,GOOG,0.5582318184691559,0.24971389552714818,0.4179209792700347,0.3469852935042834,0.3358684335892166,0.22925265336678224,0.0,1.0
2022-06-10,0.2741510830868419,0.26888253362930015,0.2687216627340874,111.42749786376952,111.42749786376952,0.24402867272209713,GOOG,0.37619711297686975,0.2367244393690392,0.43122585944277336,0.3092249963157292,0.32811440142808346,0.23250642481063188,-0.125,1.0
2022-06-13,0.17506296604615712,0.18785027660888498,0.18865515794529952,106.87650299072266,106.87650299072266,0.31431307093134586,GOOG,0.21931579977900073,0.290364848986728,0.47443286984146127,0.2417908295626663,0.2970081649648617,0.2251356112805425,0.0,2.0
2022-06-14,0.16473674701996122,0.17343736859885905,0.18423198906073424,107.19400024414062,107.19400024414062,0.1684134254586859,GOOG,0.24219028485521188,0.33940616025700665,0.4003453192755966,0.19152188774474577,0.2759167564451599,0.22708679875667048,0.24739583333333334,4.0
2022-06-15,0.20205784728741194,0.241723480124995,0.2173374210237764,110.3905029296875,110.3905029296875,0.26819863882203765,GOOG,0.45353309642902495,0.27929292751600254,0.44916515909901134,0.18477296949026756,0.256971713109893,0.234089854672757,0.14583333333333331,2.0
2022-06-16,0.18812858888751127,0.18921388630642277,0.17374819245502326,106.63600158691406,106.63600158691406,0.29565509924177724,GOOG,0.3097705556981968,0.2693512121918853,0.4799957080393389,0.18320775035462344,0.22665533379444724,0.231535462529191,0.1825,5.0
2022-06-17,0.15814364406029147,0.18843736426397606,0.17067599144244094,107.8655014038086,107.8655014038086,0.4017804000724582,GOOG,0.38532049870956475,0.26372327234740933,0.4667093692017099,0.18757798041596696,0.19983320337531207,0.22394381832968735,-0.0125,2.0
2022-06-21,0.2169622557962414,0.25327637682386617,0.23934990568242842,112.01499938964844,112.01499938964844,0.34347747328105993,GOOG,0.5977356881292366,0.19209322489023117,0.5035486119921211,0.19815044654153247,0.19152542406187045,0.22082929582629074,0.11666666666666667,2.0
2022-06-22,0.2440964239536656,0.2740435008399562,0.26616011328115796,112.03399658203124,112.03399658203124,0.14825453510338224,GOOG,0.5986104736657061,0.15451866280977505,0.46349625852619747,0.23328140597324487,0.19326109671673697,0.2175932049240754,0.34444444444444444,4.0
2022-06-23,0.27728510954852204,0.26319126573092944,0.2718696323151515,112.68450164794922,112.68450164794922,0.15845043086716867,GOOG,0.6318973357638434,0.12231189531224129,0.3934912559151946,0.2646441808982789,0.20988237578183044,0.2098045976123566,0.10885416666666665,4.0
2022-06-24,0.2894128482615701,0.3662403935380192,0.32010118677881394,118.53800201416016,118.53800201416016,0.34492663613073515,GOOG,0.8560813998688381,0.19269719098436122,0.487349429554798,0.3070968583798186,0.2423465394743971,0.21591976396453427,0.1547619047619048,1.0
2022-06-27,0.38844060291538995,0.3778408294538542,0.3650302323736221,116.62249755859376,116.62249755859376,0.2636441270087726,GOOG,0.7361455519498022,0.26115091108815025,0.45790484387194086,0.33695950956897414,0.2601812064522089,0.2153227110924596,0.0,1.0
2022-06-28,0.3404496714429939,0.35144876124938285,0.29838391361811345,112.57150268554688,112.57150268554688,0.20402142690784872,GOOG,0.5296779356055488,0.21564628122522245,0.5205924198827301,0.33622409540731346,0.27716737087371657,0.2081550124699474,0.2892857142857143,3.0
2022-06-29,0.2623994048778757,0.27205480101297597,0.281707108735759,112.25650024414062,112.25650024414062,0.07975571254819758,GOOG,0.5152577891515416,0.15451874689510559,0.44011376275454417,0.2953431416360701,0.28973349242556123,0.20048951150588845,-0.4277777777777777,2.0
2022-06-30,0.231773570201385,0.22783711590407907,0.20218299252964833,109.37249755859376,109.37249755859376,0.331004321610641,GOOG,0.3898233420966767,0.15900438678679035,0.4864023824296795,0.24815905641362979,0.282171204113161,0.1919561260529168,0.24814814814814815,1.0
2022-07-01,0.19161090348748622,0.19898384562499039,0.19834181202675927,109.08100128173828,109.08100128173828,0.2401987423336697,GOOG,0.3777839160849614,0.16640850402063045,0.4348233265318884,0.22544235079896047,0.27372034834324666,0.18834535089688087,0.09999999999999999,2.0
2022-07-05,0.176335252129864,0.27940517313378277,0.18231132732950828,113.88700103759766,113.88700103759766,0.30968092539399117,GOOG,0.6351174176150011,0.12417293927382711,0.5979750059081297,0.23605389402568222,0.27716165043550545,0.19913306410854004,0.0,1.0
2022-07-06,0.2984948369613345,0.32295441928317836,0.294758173176926,115.2135009765625,115.2135009765625,0.21204357839712237,GOOG,0.6903968441883147,0.12907651392282649,0.5873663798851343,0.27406801858540697,0.2676476228402427,0.21147342472537556,0.16666666666666666,3.0
2022-07-07,0.33407945588834376,0.38943172862707676,0.35628425221783866,119.30599975585938,119.30599975585938,0.25515617317496053,GOOG,0.8319286153522771,0.18382368809656852,0.6005064428399127,0.34061383919261456,0.27532724563716693,0.22519253886778268,0.03409090909090909,5.0
2022-07-08,0.3627180077578418,0.4002839637361031,0.39338554693112293,120.1685028076172,120.1685028076172,0.21501953782056257,GOOG,0.8574486559300036,0.2381871054041913,0.541554558286722,0.38149479296385747,0.2970682732335437,0.24601627225009848,0.20963541666666666,4.0
2022-07-11,0.3831475584052144,0.3692139787839268,0.3694102274701092,116.52249908447266,116.52249908447266,0.18443185052920322,GOOG,0.6346706099197187,0.2459971992091181,0.5321983919527986,0.39001394858863647,0.3092766708936048,0.2593376094259403,0.0,2.0
2022-07-12,0.34950374608122714,0.3513162583255045,0.33906405803586415,114.84950256347656,114.84950256347656,0.1618145589110576,GOOG,0.5493914197532288,0.20630440182019072,0.49574739019454284,0.3610103977860215,0.3249507152589217,0.2636993262586591,0.22870370370370371,3.0
2022-07-13,0.2715091659434281,0.3003218506135743,0.2867475770141037,112.18699645996094,112.18699645996094,0.34280464767228214,GOOG,0.42899316963508305,0.15896365556794384,0.46854767600123703,0.3090655597568819,0.3338394247230396,0.2639347615720258,0.16401785714285713,4.0
2022-07-14,0.23783743955790926,0.24029354671746783,0.2399494780903746,111.44000244140624,111.44000244140624,0.2575110628056828,GOOG,0.39733546175902823,0.1663441341100798,0.4260285814293414,0.275987910825956,0.32683662583489204,0.26201973350375507,0.8,1.0
2022-07-15,0.27752655909598123,0.27841855376165303,0.28673828464249773,112.76699829101562,112.76699829101562,0.28292316849105914,GOOG,0.4813270760103464,0.1200376466807706,0.37734961584176774,0.26243466129934956,0.3198352461394305,0.25313934687609585,0.10388888888888888,3.0
2022-07-18,0.28638566039072555,0.2935605890932609,0.23947170723025124,109.91000366210938,109.91000366210938,0.2702947493724607,GOOG,0.3497567539763706,0.1290272720747912,0.45510160747748674,0.24761565133732044,0.29294586782071663,0.24281020070044512,0.07626262626262627,5.0
2022-07-19,0.25462696824244113,0.29374987898451654,0.2619572450834422,114.62000274658205,114.62000274658205,0.23973682167533575,GOOG,0.6051966248114902,0.1364378512663717,0.4973587427212678,0.26831156932446576,0.27706721953755853,0.24596242056053974,0.04055555555555556,4.0
2022-07-20,0.2979004233160347,0.32253783702631655,0.3136741536972565,114.6999969482422,114.6999969482422,0.18523535957353207,GOOG,0.6089018062197529,0.09665243135580082,0.4591984781787328,0.2808918139282508,0.2718515990819088,0.24972245893459366,0.01658730158730159,7.0
2022-07-21,0.3170299155139127,0.30132566502162716,0.28837788787252583,115.04000091552734,115.04000091552734,0.19154568744662678,GOOG,0.6267192331584172,0.09484170251432711,0.435837925702822,0.3142786039415142,0.2723967655769006,0.2584435798067366,-0.07699404761904763,4.0
2022-07-22,0.2561126481163323,0.26287872066620843,0.20761702848540775,108.36000061035156,108.36000061035156,0.4139339595787076,GOOG,0.3156104199242984,0.1696839161313724,0.5840864287599041,0.273537573005161,0.2614447027836069,0.2573341082090943,-0.04244791666666666,8.0
2022-07-25,0.20169567296622293,0.2136363281691389,0.19656167954613224,108.20999908447266,108.20999908447266,0.20477059234531478,GOOG,0.310490742963747,0.24214416112757897,0.5538591455634234,0.23129969544687712,0.25220110781307703,0.24859837095293136,0.16763636363636364,5.0
2022-07-26,0.17476583007137925,0.15984837735214374,0.1544011888517276,105.44000244140624,105.44000244140624,0.3126387702818104,GOOG,0.21978867323240853,0.33382318332756145,0.5230724978578365,0.16882146839332823,0.23123277604984427,0.233558968821034,0.06301166426166425,22.0
2022-07-27,0.21506778370144697,0.2859848030561507,0.222982179375653,113.5999984741211,113.5999984741211,0.375366819346324,GOOG,0.6240697188377551,0.24819431553866766,0.7206396411065514,0.2029241588442947,0.24179277048835557,0.22477860756835666,0.19565684315684317,13.0
2022-07-28,0.2744993712251367,0.2916665342119089,0.28727223861094764,114.58999633789062,114.58999633789062,0.14025567373133555,GOOG,0.658414588055763,0.18066987408697688,0.6415994664325817,0.24444613596487552,0.2417068984139914,0.21619443458344012,0.10196017316017317,7.0
2022-07-29,0.28564274960590885,0.3333332851679669,0.31311203669486076,116.63999938964844,116.63999938964844,0.24418652796107962,GOOG,0.7288386779091547,0.16532266250690053,0.6072205031333688,0.3173373925851426,0.24725878020126624,0.21637524336279368,0.18476851851851853,6.0
2022-08-01,0.325201792451159,0.33749997471318305,0.3404694935014154,115.4800033569336,115.4800033569336,0.1344641979142406,GOOG,0.666018622114932,0.1563808869445925,0.5273527331984451,0.3295727457726223,0.24851797528713915,0.21734545427991536,0.0,0.0
2022-08-02,0.3047722418037868,0.33674238165986137,0.3324121495614363,115.9000015258789,115.9000015258789,0.07047848251947311,GOOG,0.6836586860703171,0.13545389726072493,0.4747462874833839,0.33809845562529506,0.2700958830595708,0.22305900466345996,0.0,0.0
2022-08-03,0.34024534618041424,0.38106049155839394,0.3678269503079705,118.77999877929688,118.77999877929688,0.16612064280723546,GOOG,0.796490137039433,0.16739355596161348,0.4581066353516339,0.35202589198076306,0.3003450144754378,0.2343537479097102,0.14780844155844156,4.0
2022-08-04,0.37664726615774247,0.382575677665036,0.397058178109031,118.87000274658205,118.87000274658205,0.04261703283906529,GOOG,0.7998491051205312,0.196388929719562,0.37352787833772294,0.3740885154435485,0.33877887028201137,0.24374501531409587,0.0,2.0
2022-08-05,0.3512031031367895,0.3704544778040988,0.3783201822448512,118.22000122070312,118.22000122070312,0.04077970136894132,GOOG,0.7470537241874182,0.18154824713249312,0.31607067411019074,0.38918742072859946,0.35200035318247513,0.2565323907405337,0.0,0.0
2022-08-08,0.39187658300713824,0.4083332634935519,0.39930678907817496,118.13999938964844,118.13999938964844,0.0594816655021608,GOOG,0.7399165887456846,0.21656975424437763,0.3021828558092291,0.38502220890191263,0.36215972044262124,0.26194894089681364,0.0,1.0
2022-08-09,0.3708897429993445,0.35795440916845167,0.37550945427331195,117.5,117.5,0.03830318557047846,GOOG,0.6780404829321189,0.19604714735771023,0.2337820671903813,0.37610602595712606,0.3646208625647911,0.26625756914436005,0.19120370370370368,6.0
2022-08-10,0.4006054659133176,0.425757470231636,0.4279758998768406,120.6500015258789,120.6500015258789,0.10393861760215303,GOOG,0.8501344240229847,0.2531519538277476,0.28245639111404053,0.3919208316798801,0.3794163174888623,0.27489020512785967,0.13657407407407407,6.0
2022-08-11,0.44685070582192377,0.43636348398593117,0.43153616483809465,119.81999969482422,119.81999969482422,0.05444194291333487,GOOG,0.7680082767077017,0.3114429707883444,0.26361551759532087,0.4028545251382447,0.39063453349509825,0.29252478439776963,-0.08629629629629627,3.0
2022-08-12,0.42976418285835716,0.44223479402514454,0.4474634327307352,122.6500015258789,122.6500015258789,0.047319048728100804,GOOG,0.8960367783656737,0.3669740458264651,0.24909235680975583,0.43637150595104024,0.40170967304486105,0.3147449753274265,0.03333333333333333,3.0
2022-08-15,0.4492650596007721,0.4537878352201157,0.4693868535815304,122.87999725341795,122.87999725341795,0.03960613823978468,GOOG,0.9051428877890635,0.4261560175447301,0.1903083143084645,0.4508846519446792,0.4131854397729886,0.34158153689364346,0.29275510204081634,1.0
2022-08-16,0.4513080288350839,0.4531816740797987,0.4687310980652568,122.51000213623048,122.51000213623048,0.040915560386098365,GOOG,0.8610881404904538,0.4748012095083529,0.14004355098874632,0.4683915904886635,0.4254625263590479,0.35529219818746016,0.0625,4.0
2022-08-17,0.42549248126959394,0.43276509760278103,0.4437157477821616,120.31999969482422,120.31999969482422,0.06631472711745981,GOOG,0.6308018786759371,0.4391871992404631,0.12203810792206204,0.4532275898038456,0.4317012319051021,0.3641094936924487,0.0,1.0
2022-08-18,0.4124918967746505,0.42405299423373877,0.43153616483809465,120.86000061035156,120.86000061035156,0.041249385399684285,GOOG,0.6702877617153881,0.37496757512746015,0.0996949340672405,0.4400811492858472,0.4413168518629429,0.3706032067806495,0.16666666666666666,3.0
2022-08-19,0.4058058414070389,0.39204537408739903,0.39630864111931663,118.12000274658205,118.12000274658205,0.0999275418575162,GOOG,0.44310379196984906,0.3141438524725625,0.12322133286959991,0.4115103761372081,0.43407652378664086,0.3746656223328766,0.2,1.0
2022-08-22,0.3357880231672541,0.3257574991308563,0.34009465352677726,115.06999969482422,115.06999969482422,0.0886577129104883,GOOG,0.2776475730506438,0.3451801007221359,0.1539546827907441,0.3773425902864751,0.42048301589886616,0.37338842039106,-0.3,2.0
2022-08-23,0.302729272569475,0.31496205098920593,0.3331616865511502,114.7699966430664,114.7699966430664,0.024929482700618455,GOOG,0.2637671298597161,0.3799141938737115,0.10632280761691726,0.3377079328799397,0.3979320877872423,0.3672178526604153,0.0,2.0
2022-08-24,0.3051436263483238,0.310928008863969,0.3234178486444219,114.6999969482422,114.6999969482422,0.04641461584245529,GOOG,0.2601207136467086,0.4216884876369399,0.07797387146710133,0.31545002321785565,0.37452263543557773,0.36080107223445124,0.037142857142857144,1.0
2022-08-25,0.3181443525390104,0.3499998988527302,0.34721518344928537,117.6999969482422,117.6999969482422,0.03119193644385787,GOOG,0.547774380884242,0.35414909187288146,0.10013227123278234,0.33256643901648464,0.3607574052328082,0.3600008927147318,0.4,1.0
2022-08-26,0.3304020262491367,0.3276514095161087,0.27544862497918166,111.3000030517578,111.3000030517578,0.24887689879150168,GOOG,0.2361965714477705,0.38904982931214893,0.2573189625434068,0.30998320131529433,0.33494405880855016,0.3494755465312527,0.125,2.0
2022-08-29,0.23698315591845387,0.23977263827626571,0.24902798219009803,110.33999633789062,110.33999633789062,0.10250368760189424,GOOG,0.20583746347922788,0.44254100075299474,0.21605649215744127,0.2816076647127119,0.30483800384915627,0.33845777495713536,0.4666666666666666,1.0
2022-08-30,0.2416262420517541,0.2285984658560054,0.23010270929816112,109.91000366210938,109.91000366210938,0.10460109204771886,GOOG,0.19151442453020934,0.504067422901244,0.19775961262959585,0.2309092223547633,0.281342701256861,0.3219311293360265,0.1893253968253968,5.0
2022-08-31,0.2527696204325258,0.2361741073970156,0.23478720826420618,109.1500015258789,109.1500015258789,0.17382190823693808,GOOG,0.16480113875285918,0.5365250878901459,0.1881731201891097,0.21691669059952878,0.2644009029820884,0.3055121988341032,0.20000000000000004,3.0
2022-09-01,0.20763881754901825,0.2257575280300761,0.21867252038424656,110.5500030517578,110.5500030517578,0.13353518101596665,GOOG,0.30474274173281446,0.5805655460714576,0.19255638101973116,0.21828344572841085,0.25232416273581215,0.2868927922630511,0.0,1.0
2022-09-02,0.24738362351440846,0.23437498645349053,0.2175481434198927,108.68000030517578,108.68000030517578,0.10550552493336438,GOOG,0.22063388139390633,0.5916350030971229,0.21724607732635937,0.2102783997673845,0.2350961897143593,0.265041920376373,0.07494949494949495,3.0
2022-09-06,0.18785936697426453,0.181439273635444,0.18719268161404234,107.4800033569336,107.4800033569336,0.10481976037057164,GOOG,0.17332455696825488,0.6350970581974241,0.19065001068861187,0.19940980170878642,0.20584870266247313,0.24191384654787873,0.5,1.0
2022-09-07,0.1808947377743142,0.22140140409750475,0.20789808698660517,110.4800033569336,110.4800033569336,0.13615920089020003,GOOG,0.44429623893988524,0.5636304611384898,0.2141890011127794,0.19895423321690608,0.2035020348057226,0.22677211798777197,0.0,3.0
2022-09-08,0.20726743300448125,0.2136363281691389,0.21623648942778306,109.41999816894533,109.41999816894533,0.11899567838935901,GOOG,0.38485269016056856,0.5023733779451176,0.1941268270012938,0.20377025008153038,0.20086919220229138,0.20916830943474318,0.049999999999999996,2.0
2022-09-09,0.22342542375883334,0.24053023132958695,0.2525882471513521,111.77999877929688,111.77999877929688,0.11992987086923892,GOOG,0.5598353235994168,0.38628024664536664,0.17936929662480217,0.23175526393875745,0.20622072764978405,0.19941234857396806,-0.03372222222222222,1.0
2022-09-12,0.25945567580013784,0.2526514311905237,0.2700145890234218,111.87000274658205,111.87000274658205,0.09405196283932407,GOOG,0.5661068059140566,0.3128147227926583,0.1313584608804168,0.24080158802983465,0.21400480302839142,0.19448821206825873,0.08402777777777777,3.0
2022-09-13,0.20188143608636344,0.19071968016655272,0.1588982678304529,105.30999755859376,105.30999755859376,0.26590844396139013,GOOG,0.2396806192891618,0.35949058534164247,0.29993622085529636,0.214053088848716,0.19900900176453673,0.1799312210494337,0.2,4.0
2022-09-14,0.1378069041251171,0.12878778464648044,0.14952926989836302,105.87000274658205,105.87000274658205,0.12488419636156609,GOOG,0.2822669760275749,0.407670437793727,0.23023053081271372,0.1755899500250051,0.19096737566403776,0.16634367784334403,0.0,3.0
2022-09-15,0.1298207903080113,0.13087112941908852,0.12723100907292895,103.9000015258789,103.9000015258789,0.18154516988846617,GOOG,0.2116314518147559,0.46830657311961654,0.22332181255849348,0.12371998908423154,0.18072215816326098,0.14510832595489642,0.22999999999999998,2.0
2022-09-16,0.09193319045679149,0.08958324723774069,0.09996733373981503,103.62999725341795,103.62999725341795,0.6738102631783246,GOOG,0.20212574600780592,0.5415724787612768,0.1879319623444331,0.11278629562586695,0.16111887142653547,0.13330576608953315,0.3333333333333333,3.0
2022-09-19,0.08394707663968526,0.08939381285038528,0.10961739017310301,103.8499984741211,103.8499984741211,0.0941257148772093,GOOG,0.22479384125401825,0.6043718264541283,0.13625895967913426,0.09963980545462703,0.14517869568201025,0.12331899550198111,0.03181818181818182,6.0
2022-09-20,0.09026160576701647,0.07329535783158803,0.08619489534287816,101.83000183105467,101.83000183105467,0.14928576973837435,GOOG,0.14457317479324844,0.6768349514086476,0.13586481464633315,0.08616793759103891,0.11670388262953368,0.11088553614998053,0.08932291666666667,8.0
2022-09-21,0.07837531660142716,0.07935595776205595,0.06502086852223399,100.01000213623048,100.01000213623048,0.18286364930259033,GOOG,0.08628964755953028,0.7538098721729699,0.16682403190367656,0.06260846750632276,0.08276303803041207,0.09682095878172658,0.05053819444444444,8.0
2022-09-22,0.026558458350307568,0.04507570295185337,0.054152939570278,100.56999969482422,100.56999969482422,0.11397536423155549,GOOG,0.15244209508678047,0.8270326754835923,0.1433666464758071,0.04126174448124065,0.06919815416742559,0.08146378824318168,0.06823559670781892,6.0
2022-09-23,0.03788759985121959,0.015340861965476682,0.02791971676851368,99.16999816894533,99.16999816894533,0.17070362031933337,GOOG,0.10145907949403099,0.9056602547170024,0.13504749077343048,0.02395004248331345,0.05002414046758741,0.06682985282205278,0.0,0.0
2022-09-26,0.010957756956375242,0.021590896283300243,0.03485268374413941,98.80999755859376,98.80999755859376,0.1290518334497839,GOOG,0.08875387179434202,0.9486996583814339,0.10759444520457584,0.01614023306834378,0.03545761224062005,0.05348849883114726,0.2,4.0
2022-09-27,0.03510186152783423,0.021969620561911096,0.015365150890245038,98.08999633789062,98.08999633789062,0.15217503816991432,GOOG,0.06264694189748948,1.0,0.12714718371062916,0.0,0.01960328673672551,0.03442282881481207,0.0,0.0
2022-09-28,0.0,0.039772696074706015,0.023984754792182983,100.73999786376952,100.73999786376952,0.15724710814377765,GOOG,0.3938172078972555,0.9740192583030886,0.16341624495215157,0.010217793020660615,0.010703114562451876,0.021066095335499746,0.093125,4.0
2022-09-29,0.023772720026921768,0.0,0.0,98.08999633789062,98.08999633789062,0.12237015759645989,GOOG,0.24838855010848115,0.9785964032860569,0.2197042103336332,0.005531917302327383,0.0,0.0,0.17674603174603173,6.0
